{
    "vertices":[1.32482,-2.59085,0.761535,1.29872,-2.65407,0.763857,1.29302,-2.60474,0.755356,1.69423,-0.33027,2.01237,1.70081,-0.352542,1.95376,1.66738,-0.347805,1.96389,1.5927,-2.95216,1.37156,1.6415,-2.90669,1.39877,1.62558,-2.91286,1.44349,1.57619,-2.95891,1.42126,1.75409,-0.380668,2.00944,1.70632,-0.336616,2.02494,1.74206,-0.387483,2.04436,1.00017,-2.80783,1.73356,1.01533,-2.75089,1.76654,0.985583,-2.76182,1.74725,1.66613,-0.371843,2.06433,1.6888,-0.333045,2.02989,1.64353,-0.359989,2.04082,0.921109,-3.33889,1.05523,0.908935,-3.34315,1.10698,0.893312,-3.30323,1.11353,0.91358,-3.29287,1.04814,1.64731,-0.35914,2.03405,1.69151,-0.331657,2.02113,1.66787,-0.348637,1.96772,1.61881,-1.52374,1.56326,1.5525,-1.51603,1.58453,1.62443,-1.70125,1.17805,1.61273,-1.76164,1.14674,1.56775,-1.71842,1.14964,2.10984,-2.04955,1.67876,2.11692,-1.98361,1.69388,2.1029,-1.98562,1.72683,2.09884,-2.05398,1.70912,1.39356,-1.87471,1.85838,1.4131,-1.80874,1.86616,1.40688,-1.8431,1.86053,-1.32482,-2.59085,0.761535,-1.29302,-2.60474,0.755356,-1.29872,-2.65407,0.763857,-1.69423,-0.33027,2.01237,-1.66738,-0.347805,1.96389,-1.70081,-0.352542,1.95376,-1.5927,-2.95216,1.37156,-1.57619,-2.95891,1.42126,-1.62558,-2.91286,1.44349,-1.6415,-2.90669,1.39877,-1.75409,-0.380668,2.00944,-1.74206,-0.387483,2.04436,-1.70632,-0.336616,2.02494,-1.00017,-2.80783,1.73356,-0.985583,-2.76182,1.74725,-1.01533,-2.75089,1.76654,-1.66613,-0.371843,2.06433,-1.64353,-0.359989,2.04082,-1.6888,-0.333045,2.02989,-0.921109,-3.33889,1.05523,-0.91358,-3.29287,1.04814,-0.893312,-3.30323,1.11353,-0.908935,-3.34315,1.10698,-1.64731,-0.35914,2.03405,-1.66787,-0.348637,1.96772,-1.69151,-0.331657,2.02113,-1.61881,-1.52374,1.56326,-1.5525,-1.51603,1.58453,-1.62443,-1.70125,1.17805,-1.56775,-1.71842,1.14964,-1.61273,-1.76164,1.14674,-2.10984,-2.04955,1.67876,-2.09884,-2.05398,1.70912,-2.1029,-1.98562,1.72683,-2.11692,-1.98361,1.69388,-1.39356,-1.87471,1.85838,-1.40688,-1.8431,1.86053,-1.4131,-1.80874,1.86616],
    "normals":[0.256104,0.939342,0.228139,-0.870962,0.428944,-0.239649,-0.867001,0.194135,-0.458934,-0.372337,0.362492,-0.85438,-0.897216,0.094941,0.431265,0.24865,-0.311017,0.917301,0.786966,-0.113701,-0.606429,-0.786966,-0.113701,-0.606429,-0.891688,0.410801,-0.190092,-0.991948,-0.00217,0.126623,-0.468119,0.476233,-0.744356,-0.833286,-0.147141,0.532902,0.16241,-0.159679,0.973717,0.142024,-0.762718,0.630943,0.765838,0.287059,-0.575404,-0.24865,-0.311017,0.917301,0.870962,0.428944,-0.239649,0.372338,0.362492,-0.854379,0.867001,0.194135,-0.458934,0.897216,0.094941,0.431265,-0.765837,0.287059,-0.575404,-0.256102,0.939342,0.228139,0.891688,0.410801,-0.190092,0.46812,0.476233,-0.744356,0.991949,-0.002168,0.12662,0.833286,-0.147141,0.532902,-0.16241,-0.159679,0.973717,-0.142024,-0.762719,0.630943,-0.595043,-0.569427,-0.567165,0.2462,-0.136884,-0.959504,0.025662,0.935426,-0.35259,0.644578,-0.75538,0.117986,0.69282,0.624557,0.360457,-0.403018,-0.375945,0.834411,-0.277933,0.723356,0.632068,-0.924412,-0.250825,-0.287315,-0.534446,0.844601,-0.031893,0.316618,0.387629,-0.865735,0.923377,-0.161653,0.3482,-0.361694,0.214154,-0.907367,-0.2462,-0.136884,-0.959504,-0.025662,0.935426,-0.35259,-0.644577,-0.75538,0.117986,-0.69282,0.624557,0.360457,0.403019,-0.375945,0.834411,0.277932,0.723354,0.63207,0.924412,-0.250824,-0.287314,0.534446,0.844601,-0.031892,-0.31662,0.387628,-0.865735,-0.923376,-0.161655,0.348203,0.36172,0.214161,-0.907355,0.740141,-0.383673,-0.552256,0.62258,0.752024,-0.21646,0.106221,0.496757,-0.861365,0.82351,-0.522287,0.221466,0.261385,-0.578165,0.772919,0.318356,0.521817,0.791427,-0.595899,0.175892,0.78356,-0.347882,-0.198076,-0.916375,-0.536982,0.837167,-0.103935,-0.8045,-0.38863,0.449161,-0.607763,0.793456,0.032435,-0.647159,0.42397,-0.633588,-0.684638,0.287515,-0.669781,0.483706,-0.874229,0.041853,0.176142,0.358738,-0.916668,0.9192,0.134613,0.370069,-0.722625,0.031685,0.690514,0.146582,-0.209207,0.966823,0.754348,0.12477,-0.644509,-0.74014,-0.383674,-0.552256,-0.62258,0.752023,-0.21646,-0.106223,0.496757,-0.861365,-0.82351,-0.522287,0.221468,-0.261385,-0.578164,0.772919,-0.318354,0.521815,0.791429,0.595903,0.175894,0.783557,0.347882,-0.198076,-0.916375,0.536983,0.837166,-0.103939,0.804501,-0.38863,0.449161,0.607764,0.793455,0.032436,0.64716,0.42397,-0.633588,0.684639,0.287515,-0.66978,-0.483705,-0.87423,0.041854,-0.176143,0.358738,-0.916668,-0.919199,0.134613,0.370072,0.722625,0.031685,0.690514,-0.146582,-0.209207,0.966823,-0.754347,0.124769,-0.64451,0.595043,-0.569427,-0.567166],
    "name":"Cylinder.003Geometry",
    "materials":[{
        "transparent":false,
        "wireframe":false,
        "blending":"NormalBlending",
        "visible":true,
        "specularCoef":50,
        "DbgName":"Material.005",
        "colorDiffuse":[0.44,0.44,0.016],
        "colorEmissive":[0.1672,0.1672,0.00608],
        "DbgIndex":0,
        "depthTest":true,
        "opacity":1,
        "shading":"phong",
        "DbgColor":15658734,
        "depthWrite":true,
        "colorSpecular":[0.5,0.494655,0.47882]
    }],
    "uvs":[],
    "metadata":{
        "vertices":76,
        "version":3,
        "type":"Geometry",
        "generator":"io_three",
        "normals":90,
        "materials":1,
        "uvs":0,
        "faces":90
    },
    "faces":[35,11,3,24,17,0,0,0,0,0,34,21,15,37,0,1,1,1,34,37,18,23,0,2,2,2,34,23,27,21,0,3,3,3,34,37,23,21,0,4,4,4,35,8,34,35,14,0,5,5,5,5,35,0,29,31,7,0,6,6,6,6,35,38,47,69,68,0,7,7,7,7,34,2,22,26,0,8,8,8,34,26,25,5,0,9,9,9,34,5,30,2,0,10,10,10,34,26,5,2,0,11,11,11,35,33,12,16,36,0,12,12,12,12,34,13,20,9,0,13,13,13,35,28,4,10,32,0,14,14,14,14,35,46,53,73,70,0,15,15,15,15,34,74,52,59,0,16,16,16,34,59,65,61,0,17,17,17,34,61,55,74,0,18,18,18,34,59,61,74,0,19,19,19,35,66,72,48,43,0,20,20,20,20,35,50,56,63,41,0,21,21,21,21,34,64,58,39,0,22,22,22,34,39,67,42,0,23,23,23,34,42,62,64,0,24,24,24,34,39,42,64,0,25,25,25,35,71,75,54,49,0,26,26,26,26,34,51,45,60,0,27,27,27,34,40,57,44,0,28,28,28,34,0,1,2,0,29,29,29,34,3,4,5,0,30,30,30,35,6,7,8,9,0,31,31,31,31,34,10,11,12,0,32,32,32,34,13,14,15,0,33,33,33,34,16,17,18,0,34,34,34,35,19,20,21,22,0,35,35,35,35,34,23,24,25,0,36,36,36,34,28,29,30,0,37,37,37,35,31,32,33,34,0,38,38,38,38,34,35,36,37,0,39,39,39,34,38,39,40,0,40,40,40,34,41,42,43,0,41,41,41,35,44,45,46,47,0,42,42,42,42,34,48,49,50,0,43,43,43,34,51,52,53,0,44,44,44,34,54,55,56,0,45,45,45,35,57,58,59,60,0,46,46,46,46,34,61,62,63,0,47,47,47,34,66,67,68,0,48,48,48,35,69,70,71,72,0,49,49,49,49,34,73,74,75,0,50,50,50,35,0,7,6,1,0,51,51,51,51,35,10,4,3,11,0,52,52,52,52,35,30,5,4,28,0,53,53,53,53,35,34,8,7,31,0,54,54,54,54,35,8,14,13,9,0,55,55,55,55,35,16,12,11,17,0,56,56,56,56,35,37,15,14,35,0,57,57,57,57,35,22,2,1,19,0,58,58,58,58,35,23,18,17,24,0,59,59,59,59,35,15,21,20,13,0,60,60,60,60,35,5,25,24,3,0,61,61,61,61,35,26,22,21,27,0,62,62,62,62,35,25,26,27,23,0,63,63,63,63,35,9,20,19,6,0,64,64,64,64,35,29,0,2,30,0,65,65,65,65,35,12,33,32,10,0,66,66,66,66,35,18,37,36,16,0,67,67,67,67,35,33,36,35,34,0,68,68,68,68,35,28,32,31,29,0,69,69,69,69,35,40,44,47,38,0,70,70,70,70,35,50,41,43,48,0,71,71,71,71,35,66,43,42,67,0,72,72,72,72,35,69,47,46,70,0,73,73,73,73,35,45,51,53,46,0,74,74,74,74,35,56,50,49,54,0,75,75,75,75,35,73,53,52,74,0,76,76,76,76,35,57,40,39,58,0,77,77,77,77,35,63,56,55,61,0,78,78,78,78,35,51,60,59,52,0,79,79,79,79,35,41,63,62,42,0,80,80,80,80,35,65,59,58,64,0,81,81,81,81,35,61,65,64,62,0,82,82,82,82,35,44,57,60,45,0,83,83,83,83,35,38,68,67,39,0,84,84,84,84,35,48,72,71,49,0,85,85,85,85,35,54,75,74,55,0,86,86,86,86,35,70,73,75,71,0,87,87,87,87,35,68,69,72,66,0,88,88,88,88,34,1,6,19,0,89,89,89]
}