{
    "vertices":[1.36272,-2.65194,1.56429,0.576761,-2.21443,0.031968,1.47001,-2.55168,1.54601,0.805812,-2.00036,-0.007081,1.42903,-2.42766,1.61556,0.718323,-1.73558,0.141411,1.29642,-2.45127,1.67683,0.4352,-1.786,0.272234,1.25544,-2.58989,1.64515,0.34771,-2.08195,0.204594,1.04333,-2.55328,0.911086,1.27238,-2.33921,0.872037,1.18489,-2.07443,1.02053,0.901763,-2.12485,1.15135,0.814274,-2.4208,1.08371,-1.36272,-2.65194,1.56429,-0.576761,-2.21443,0.031968,-1.47001,-2.55168,1.54601,-0.805812,-2.00036,-0.007081,-1.42903,-2.42766,1.61556,-0.718323,-1.73558,0.141411,-1.29642,-2.45127,1.67683,-0.4352,-1.786,0.272234,-1.25544,-2.58989,1.64515,-0.34771,-2.08195,0.204594,-1.04333,-2.55328,0.911086,-1.27238,-2.33921,0.872037,-1.18489,-2.07443,1.02053,-0.901763,-2.12485,1.15135,-0.814274,-2.4208,1.08371],
    "normals":[0.526737,-0.66107,-0.534355,0.852279,0.440133,-0.282673,0,0.933086,0.359653,-0.443773,0.322299,-0.836175,-0.443774,0.322299,-0.836175,-0.443773,0.322299,-0.836175,-0.852279,0.136547,0.504951,-0.526737,-0.848696,-0.047576,0.443774,-0.322297,0.836176,0.443774,-0.3223,0.836174,0.443774,-0.3223,0.836174,-0.449706,-0.889064,0.085613,-0.77113,0.083713,0.63115,0.070368,0.870176,0.487691,0.911863,0.383459,-0.146507,0.59044,-0.703812,-0.395005,-0.526737,-0.66107,-0.534355,-0.852279,0.440133,-0.282673,-0,0.933086,0.359653,0.443773,0.322299,-0.836175,0.443773,0.322298,-0.836175,0.443774,0.322299,-0.836175,0.852279,0.136547,0.504951,0.526737,-0.848696,-0.047576,-0.443774,-0.322297,0.836176,-0.443774,-0.3223,0.836174,-0.443774,-0.3223,0.836174,0.449706,-0.889064,0.085613,0.77113,0.083713,0.63115,-0.070368,0.870176,0.487691,-0.911863,0.383459,-0.146507,-0.59044,-0.703812,-0.395005],
    "name":"Cylinder.002Geometry.1",
    "materials":[{
        "transparent":false,
        "wireframe":false,
        "blending":"NormalBlending",
        "visible":true,
        "specularCoef":50,
        "DbgName":"Material.003",
        "colorDiffuse":[0.102122,0.107806,0.125947],
        "colorEmissive":[0,0,0],
        "DbgIndex":0,
        "depthTest":true,
        "opacity":1,
        "shading":"phong",
        "DbgColor":15658734,
        "depthWrite":true,
        "colorSpecular":[0.5,0.5,0.5]
    }],
    "uvs":[],
    "metadata":{
        "vertices":30,
        "version":3,
        "type":"Geometry",
        "generator":"io_three",
        "normals":32,
        "materials":1,
        "uvs":0,
        "faces":32
    },
    "faces":[35,10,1,3,11,0,0,0,0,0,35,11,3,5,12,0,1,1,1,1,35,12,5,7,13,0,2,2,2,2,34,5,3,1,0,3,3,3,34,1,9,7,0,4,4,4,34,1,7,5,0,5,5,5,35,13,7,9,14,0,6,6,6,6,35,14,9,1,10,0,7,7,7,7,34,8,0,2,0,8,8,8,34,2,4,6,0,9,9,9,34,2,6,8,0,10,10,10,35,10,0,8,14,0,11,11,11,11,35,6,13,14,8,0,12,12,12,12,35,4,12,13,6,0,13,13,13,13,35,2,11,12,4,0,14,14,14,14,35,0,10,11,2,0,15,15,15,15,35,25,26,18,16,0,16,16,16,16,35,26,27,20,18,0,17,17,17,17,35,27,28,22,20,0,18,18,18,18,34,16,18,20,0,19,19,19,34,20,22,24,0,20,20,20,34,20,24,16,0,21,21,21,35,28,29,24,22,0,22,22,22,22,35,29,25,16,24,0,23,23,23,23,34,17,15,23,0,24,24,24,34,23,21,19,0,25,25,25,34,23,19,17,0,26,26,26,35,23,15,25,29,0,27,27,27,27,35,21,23,29,28,0,28,28,28,28,35,19,21,28,27,0,29,29,29,29,35,17,19,27,26,0,30,30,30,30,35,15,17,26,25,0,31,31,31,31]
}