{
    "vertices":[0.710108,-2.06881,-0.012838,0.84459,-2.16888,-0.011079,0.875263,-2.24301,-0.181478,0.770192,-2.14855,-0.200586,0.818289,-4.54118,0.470007,0.936563,-4.43185,0.44233,0.943304,-4.19451,0.554577,0.860469,-4.39018,0.585352,0.495767,-1.93058,0.324255,0.460945,-1.98588,0.449396,0.611617,-2.01644,0.362168,0.603144,-2.4855,-0.937029,0.701142,-2.57206,-0.903724,0.58101,-2.61657,-0.982686,0.584925,-3.60793,0.905173,0.694681,-3.50249,0.836824,0.551516,-3.42024,0.912111,0.578449,-4.76329,0.177407,0.531879,-4.72984,0.054564,0.687251,-4.67466,0.111471,0.099723,-4.40941,0.638184,-0.099723,-4.40941,0.638184,-0.099807,-4.5624,0.522449,0.099807,-4.5624,0.522449,0.099833,-2.08559,0.034575,0.099833,-2.16837,-0.147878,-0.099833,-2.16837,-0.147878,-0.099833,-2.08559,0.034575,-0.710108,-2.06881,-0.012838,-0.770192,-2.14855,-0.200586,-0.875263,-2.24301,-0.181478,-0.84459,-2.16888,-0.011079,-0.818289,-4.54118,0.470007,-0.860468,-4.39018,0.585352,-0.943304,-4.19451,0.554577,-0.936563,-4.43185,0.44233,-0.495767,-1.93058,0.324255,-0.611617,-2.01644,0.362168,-0.460945,-1.98588,0.449396,-0.603144,-2.4855,-0.937029,-0.58101,-2.61657,-0.982686,-0.701142,-2.57206,-0.903724,-0.584925,-3.60793,0.905173,-0.551516,-3.42024,0.912111,-0.694681,-3.50249,0.836824,-0.578449,-4.76329,0.177407,-0.687251,-4.67466,0.111471,-0.531879,-4.72984,0.054564,0.099679,-4.74628,0.101122,0.099556,-4.77691,0.225978,-0.099556,-4.77691,0.225978,-0.099679,-4.74628,0.101122,0.099785,-3.61922,0.935919,0.099866,-3.43037,0.940274,-0.099866,-3.43037,0.940273,-0.099785,-3.61922,0.935919,-0.09973,-2.50205,-0.887173,0.09973,-2.50205,-0.887173,0.099725,-2.63353,-0.934347,-0.099725,-2.63353,-0.934347,0.099857,-1.94152,0.353153,-0.099857,-1.94152,0.353153,-0.099816,-1.9954,0.47517,0.099816,-1.9954,0.47517],
    "normals":[0.055543,0.308784,0.949509,0.941485,-0.11113,-0.318207,-0.077007,-0.438322,-0.895513,0.072209,-0.815134,0.574754,-0.071226,-0.353793,0.932608,0.071226,-0.353793,0.932608,-0.063791,0.911251,-0.406881,0.886731,0.172909,0.428731,-0.072209,-0.815134,0.574754,-0.055543,0.308784,0.949509,0.077007,-0.438322,-0.895513,-0.886731,0.172909,0.428731,0.063791,0.911251,-0.406881,-0.941485,-0.11113,-0.318207,0.056197,0.910229,-0.410275,0.630312,0.758371,-0.166074,0.756108,-0.399184,0.518606,0.425413,0.778076,0.462192,0.479386,0.215398,-0.85076,0.489272,0.054915,0.870401,0.430978,-0.815861,-0.385525,0,-0.603299,0.797515,-1e-06,0.910664,-0.413147,-0.630312,0.758371,-0.166074,-0.756108,-0.399184,0.518606,-0.425413,0.778076,0.462192,-0.479386,0.215398,-0.85076,-0.489273,0.054914,0.8704,-0.430978,-0.815861,-0.385525,-0,-0.971195,-0.238288,-0,-0.023053,0.999734,0,0.33772,-0.941247,0,0.914797,0.403915,-0.058013,0.910618,-0.409157,0,0.91146,-0.411389,0.072838,-0.609924,0.789105,0.005679,-0.967852,-0.251455,0.591459,-0.115604,0.798005,0.659235,0.613757,-0.43441,0.51618,-0.381125,-0.767008,0.591335,0.805287,0.042844,0.545436,0.285379,0.788073,0,-0.810166,0.586201,0.004494,0.914494,0.404575,0.664838,-0.746176,0.03481,0.063294,-0.024321,0.997698,-0.104769,0.33936,-0.934804,0.998357,0.04711,0.032615,0,-0.440091,-0.897953,-0,0.308328,0.95128,-1e-06,0.91116,-0.412053,0,-0.35259,0.935778,0.058013,0.910618,-0.409156,-0.072838,-0.609924,0.789105,-0.005679,-0.967852,-0.251455,-0.591459,-0.115604,0.798005,-0.659235,0.613756,-0.43441,-0.51618,-0.381125,-0.767008,-0.591335,0.805287,0.042844,-0.545436,0.285379,0.788073,-0.004494,0.914494,0.404575,-0.664838,-0.746176,0.03481,-0.063294,-0.02432,0.997698,0.104769,0.339359,-0.934804,-0.998357,0.04711,0.032614,-0.056197,0.910229,-0.410275],
    "name":"CubeGeometry",
    "materials":[{
        "transparent":false,
        "wireframe":false,
        "blending":"NormalBlending",
        "visible":true,
        "specularCoef":50,
        "DbgName":"Material.002",
        "colorDiffuse":[0.06052,0.071113,0.081978],
        "colorEmissive":[0,0,0],
        "DbgIndex":0,
        "depthTest":true,
        "opacity":1,
        "shading":"phong",
        "DbgColor":15658734,
        "depthWrite":true,
        "colorSpecular":[0.5,0.5,0.5]
    }],
    "uvs":[],
    "metadata":{
        "vertices":64,
        "version":3,
        "type":"Geometry",
        "generator":"io_three",
        "normals":66,
        "materials":1,
        "uvs":0,
        "faces":66
    },
    "faces":[35,63,53,16,9,0,0,0,0,0,35,19,12,2,5,0,1,1,1,1,35,13,18,48,58,0,2,2,2,2,35,49,17,4,23,0,3,3,3,3,35,21,55,42,33,0,4,4,4,4,35,20,7,14,52,0,5,5,5,5,35,11,57,25,3,0,6,6,6,6,35,6,1,10,15,0,7,7,7,7,35,50,22,32,45,0,8,8,8,8,35,62,38,43,54,0,9,9,9,9,35,40,59,51,47,0,10,10,10,10,35,34,44,37,31,0,11,11,11,11,35,39,29,26,56,0,12,12,12,12,35,46,35,30,41,0,13,13,13,13,35,28,36,61,27,0,14,14,14,14,35,0,1,2,3,0,15,15,15,15,35,4,5,6,7,0,16,16,16,16,34,8,9,10,0,17,17,17,34,11,12,13,0,18,18,18,34,14,15,16,0,19,19,19,34,17,18,19,0,20,20,20,35,20,21,22,23,0,21,21,21,21,35,24,25,26,27,0,22,22,22,22,35,28,29,30,31,0,23,23,23,23,35,32,33,34,35,0,24,24,24,24,34,36,37,38,0,25,25,25,34,39,40,41,0,26,26,26,34,42,43,44,0,27,27,27,34,45,46,47,0,28,28,28,35,48,49,50,51,0,29,29,29,29,35,52,53,54,55,0,30,30,30,30,35,56,57,58,59,0,31,31,31,31,35,60,61,62,63,0,32,32,32,32,35,24,0,3,25,0,33,33,33,33,35,56,26,25,57,0,34,34,34,34,35,7,20,23,4,0,35,35,35,35,35,48,18,17,49,0,36,36,36,36,35,6,15,14,7,0,37,37,37,37,35,11,3,2,12,0,38,38,38,38,35,18,13,12,19,0,39,39,39,39,35,0,8,10,1,0,40,40,40,40,35,9,16,15,10,0,41,41,41,41,35,49,23,22,50,0,42,42,42,42,35,63,9,8,60,0,43,43,43,43,35,19,5,4,17,0,44,44,44,44,35,16,53,52,14,0,45,45,45,45,35,13,58,57,11,0,46,46,46,46,35,1,6,5,2,0,47,47,47,47,35,51,59,58,48,0,48,48,48,48,35,53,63,62,54,0,49,49,49,49,35,27,61,60,24,0,50,50,50,50,35,20,52,55,21,0,51,51,51,51,35,26,29,28,27,0,52,52,52,52,35,32,22,21,33,0,53,53,53,53,35,50,45,47,51,0,54,54,54,54,35,33,42,44,34,0,55,55,55,55,35,41,30,29,39,0,56,56,56,56,35,46,41,40,47,0,57,57,57,57,35,31,37,36,28,0,58,58,58,58,35,37,44,43,38,0,59,59,59,59,35,61,36,38,62,0,60,60,60,60,35,45,32,35,46,0,61,61,61,61,35,42,55,54,43,0,62,62,62,62,35,39,56,59,40,0,63,63,63,63,35,30,35,34,31,0,64,64,64,64,35,0,24,60,8,0,65,65,65,65]
}