{
    "metadata":{
        "generator":"io_three",
        "faces":6,
        "materials":1,
        "uvs":1,
        "vertices":8,
        "version":3,
        "normals":6,
        "type":"Geometry"
    },
    "materials":[{
        "specularCoef":50,
        "mapDiffuse":"11111_cycles.jpg",
        "DbgIndex":0,
        "blending":"NormalBlending",
        "mapDiffuseAnisotropy":1,
        "mapDiffuseRepeat":[1,1],
        "colorDiffuse":[0.64,0.64,0.64],
        "colorSpecular":[0.5,0.5,0.5],
        "wireframe":false,
        "transparent":false,
        "depthTest":true,
        "visible":true,
        "colorEmissive":[0,0,0],
        "opacity":1,
        "mapDiffuseWrap":["RepeatWrapping","RepeatWrapping"],
        "depthWrite":true,
        "DbgColor":15658734,
        "DbgName":"Material.001",
        "shading":"MeshPhongMaterial",
        "bumpMap":"11111_bump.jpg",
        "bumpMapScale":1
    }],
    "name":"Cube.001Geometry",
    "normals":[-1,0,0,0,-1,0,1,0,0,0,1,-0,0,0,1,0,-0,-1],
    "faces":[43,2,0,1,3,0,2,3,0,1,0,0,0,0,43,3,7,6,2,0,4,5,6,7,1,1,1,1,43,7,5,4,6,0,8,9,10,6,2,2,2,2,43,0,4,5,1,0,13,10,11,12,3,3,3,3,43,0,2,6,4,0,13,7,6,10,4,4,4,4,43,5,7,3,1,0,9,8,1,0,5,5,5,5],
    "vertices":[-1,1,1,-1,1,-1,-1,-1,1,-1,-1,-1,1,1,1,1,1,-1,1,-1,1,1,-1,-1],
    "uvs":[[0.749957,0.5,0.749957,0.250043,0.999913,0.250043,0.999913,0.5,8.7e-05,8.7e-05,0.250043,8.7e-05,0.250043,0.250043,8.7e-05,0.250043,0.5,0.250043,0.5,0.5,0.250043,0.5,0.250043,0.749957,8.7e-05,0.749957,8.7e-05,0.5]]
}