{
    "materials":[{
        "DbgIndex":0,
        "specularCoef":50,
        "mapDiffuseWrap":["RepeatWrapping","RepeatWrapping"],
        "transparent":false,
        "colorSpecular":[0.5,0.5,0.5],
        "DbgColor":15658734,
        "DbgName":"Material",
        "visible":true,
        "mapDiffuseAnisotropy":1,
        "wireframe":false,
        "mapDiffuse":"UVlayout2.png",
        "depthTest":true,
        "colorDiffuse":[0.64,0.64,0.64],
        "blending":"NormalBlending",
        "opacity":1,
        "colorEmissive":[0,0,0],
        "mapDiffuseRepeat":[1,1],
        "depthWrite":true,
        "shading":"phong"
    }],
    "vertices":[-35.1507,2.30242,28.0549,-29.5844,2.30242,26.1238,-35.1507,13.7757,26.1238,-40.717,2.30242,26.1238,-35.1507,-9.17083,26.1238,-29.9702,-8.37565,24.3062,-29.9702,12.9805,24.3062,-40.3312,12.9805,24.3062,-40.3312,-8.37565,24.3062,-35.1507,2.30243,-29.4249,-35.1507,-9.17082,-27.4938,-40.717,2.30242,-27.4938,-35.1507,13.7757,-27.4938,-29.5845,2.30243,-27.4938,-29.9702,-8.37564,-25.6762,-40.3312,-8.37565,-25.6762,-40.3312,12.9805,-25.6762,-29.9702,12.9805,-25.6762,-21.2075,2.30243,-0.684999,-22.1444,-9.17082,-0.684998,-22.1444,2.30243,-12.1582,-22.1444,13.7757,-0.684999,-22.1444,2.30243,10.7883,-23.0262,-8.37565,9.99308,-23.0262,-8.37564,-11.3631,-23.0262,12.9805,-11.3631,-23.0262,12.9805,9.99308,-35.1507,31.0423,-0.685,-29.5845,29.1112,-0.685,-35.1507,29.1112,-12.1583,-40.717,29.1112,-0.685,-35.1507,29.1112,10.7883,-29.9702,27.2937,9.99307,-29.9702,27.2937,-11.3631,-40.3312,27.2937,-11.3631,-40.3312,27.2937,9.99307,-49.094,2.30242,-0.684999,-48.1571,13.7757,-0.684999,-48.1571,2.30242,-12.1582,-48.1571,-9.17083,-0.684998,-48.1571,2.30242,10.7883,-47.2753,12.9805,9.99308,-47.2753,12.9805,-11.3631,-47.2753,-8.37565,-11.3631,-47.2753,-8.37565,9.99308,-35.1507,-26.4375,-0.684997,-29.5844,-24.5064,-0.684997,-35.1507,-24.5064,10.7883,-40.717,-24.5064,-0.684997,-35.1507,-24.5064,-12.1582,-29.9702,-22.6888,-11.3631,-29.9702,-22.6888,9.99308,-40.3312,-22.6888,9.99308,-40.3312,-22.6888,-11.3631,-25.644,-7.58047,18.9104,-24.9413,2.30243,20.3588,-25.644,12.1853,18.9104,-30.356,-17.293,18.9104,-35.1507,-18.7413,20.3588,-39.9455,-17.293,18.9104,-25.644,-17.293,9.1979,-24.9413,-18.7413,-0.684998,-25.644,-17.293,-10.5679,-30.356,21.8978,18.9104,-35.1507,23.3462,20.3588,-39.9455,21.8978,18.9104,-25.644,21.8978,9.1979,-24.9413,23.3462,-0.685,-25.644,21.8978,-10.5679,-44.6575,12.1853,18.9104,-45.3602,2.30242,20.3588,-44.6575,-7.58048,18.9104,-44.6575,21.8978,9.1979,-45.3602,23.3462,-0.685,-44.6575,21.8978,-10.5679,-44.6575,-17.293,9.1979,-45.3602,-18.7413,-0.684998,-44.6575,-17.293,-10.5679,-25.644,-7.58047,-20.2804,-24.9413,2.30243,-21.7288,-25.644,12.1853,-20.2804,-30.356,-17.293,-20.2804,-35.1507,-18.7413,-21.7288,-39.9455,-17.293,-20.2804,-30.356,21.8978,-20.2804,-35.1507,23.3462,-21.7288,-39.9455,21.8978,-20.2804,-44.6575,12.1853,-20.2804,-45.3602,2.30242,-21.7288,-44.6575,-7.58047,-20.2804,-27.0677,-14.3584,15.9758,-27.0677,18.9633,15.9758,-43.2338,18.9632,15.9758,-43.2338,-14.3584,15.9758,-27.0677,-14.3584,-17.3458,-27.0677,18.9633,-17.3458,-43.2338,18.9632,-17.3458,-43.2338,-14.3584,-17.3458],
    "metadata":{
        "materials":1,
        "vertices":98,
        "type":"Geometry",
        "faces":96,
        "uvs":1,
        "generator":"io_three",
        "version":3,
        "normals":98
    },
    "faces":[43,0,4,5,1,0,0,1,2,3,0,1,2,3,43,1,5,54,55,0,4,5,6,7,3,2,4,5,43,4,58,57,5,0,1,8,9,2,1,6,7,2,43,5,57,90,54,0,5,10,11,6,2,7,8,4,43,0,1,6,2,0,0,3,12,13,0,3,9,10,43,2,6,63,64,0,13,12,14,15,10,9,11,12,43,1,55,56,6,0,4,7,16,17,3,5,13,9,43,6,56,91,63,0,17,16,18,19,9,13,14,11,43,0,2,7,3,0,0,13,20,21,0,10,15,16,43,3,7,69,70,0,22,23,24,25,16,15,17,18,43,2,64,65,7,0,13,15,26,20,10,12,19,15,43,7,65,92,69,0,23,27,28,24,15,19,20,17,43,0,3,8,4,0,0,21,29,1,0,16,21,1,43,4,8,59,58,0,1,29,30,8,1,21,22,6,43,3,70,71,8,0,22,25,31,32,16,18,23,21,43,8,71,93,59,0,32,31,33,34,21,23,24,22,43,9,13,14,10,0,35,36,37,38,25,26,27,28,43,10,14,81,82,0,38,37,39,40,28,27,29,30,43,13,79,78,14,0,41,42,43,44,26,31,32,27,43,14,78,94,81,0,44,43,45,46,27,32,33,29,43,9,10,15,11,0,35,38,47,48,25,28,34,35,43,11,15,89,88,0,49,50,51,52,35,34,36,37,43,10,82,83,15,0,38,40,53,47,28,30,38,34,43,15,83,97,89,0,50,54,55,51,34,38,39,36,43,9,11,16,12,0,35,48,56,57,25,35,40,41,43,12,16,86,85,0,57,56,58,59,41,40,42,43,43,11,88,87,16,0,49,52,60,61,35,37,44,40,43,16,87,96,86,0,61,60,62,63,40,44,45,42,43,9,12,17,13,0,35,57,64,36,25,41,46,26,43,13,17,80,79,0,41,65,66,42,26,46,47,31,43,12,85,84,17,0,57,59,67,64,41,43,48,46,43,17,84,95,80,0,65,68,69,66,46,48,49,47,43,18,22,23,19,0,70,71,72,73,50,51,52,53,43,19,23,60,61,0,73,72,74,75,53,52,54,55,43,22,55,54,23,0,71,7,6,72,51,5,4,52,43,23,54,90,60,0,72,6,11,74,52,4,8,54,43,18,19,24,20,0,70,73,76,77,50,53,56,57,43,20,24,78,79,0,77,76,43,42,57,56,32,31,43,19,61,62,24,0,73,75,78,76,53,55,58,56,43,24,62,94,78,0,76,78,45,43,56,58,33,32,43,18,20,25,21,0,70,77,79,80,50,57,59,60,43,21,25,68,67,0,80,79,81,82,60,59,61,62,43,20,79,80,25,0,77,42,66,79,57,31,47,59,43,25,80,95,68,0,79,66,69,81,59,47,49,61,43,18,21,26,22,0,70,80,83,71,50,60,63,51,43,22,26,56,55,0,71,83,16,7,51,63,13,5,43,21,67,66,26,0,80,82,84,83,60,62,64,63,43,26,66,91,56,0,83,84,18,16,63,64,14,13,43,27,31,32,28,0,85,86,87,88,65,66,67,68,43,28,32,66,67,0,89,90,84,82,68,67,64,62,43,31,64,63,32,0,86,91,92,87,66,12,11,67,43,32,63,91,66,0,90,19,18,84,67,11,14,64,43,27,28,33,29,0,85,88,93,94,65,68,69,70,43,29,33,84,85,0,94,93,95,96,70,69,48,43,43,28,67,68,33,0,89,82,81,97,68,62,61,69,43,33,68,95,84,0,97,81,69,68,69,61,49,48,43,27,29,34,30,0,85,94,98,99,65,70,71,72,43,30,34,74,73,0,100,101,102,103,72,71,73,74,43,29,85,86,34,0,94,96,104,98,70,43,42,71,43,34,86,96,74,0,101,63,62,102,71,42,45,73,43,27,30,35,31,0,85,99,105,86,65,72,75,66,43,31,35,65,64,0,86,105,106,91,66,75,19,12,43,30,73,72,35,0,100,103,107,108,72,74,76,75,43,35,72,92,65,0,108,107,28,27,75,76,20,19,43,36,40,41,37,0,109,110,111,112,77,78,79,80,43,37,41,72,73,0,112,111,107,103,80,79,76,74,43,40,70,69,41,0,110,25,24,111,78,18,17,79,43,41,69,92,72,0,111,24,28,107,79,17,20,76,43,36,37,42,38,0,109,112,113,114,77,80,81,82,43,38,42,87,88,0,114,113,60,52,82,81,44,37,43,37,73,74,42,0,112,103,102,113,80,74,73,81,43,42,74,96,87,0,113,102,62,60,81,73,45,44,43,36,38,43,39,0,109,114,115,116,77,82,83,84,43,39,43,77,76,0,116,115,117,118,84,83,85,86,43,38,88,89,43,0,114,52,51,115,82,37,36,83,43,43,89,97,77,0,115,51,55,117,83,36,39,85,43,36,39,44,40,0,109,116,119,110,77,84,87,78,43,40,44,71,70,0,110,119,31,25,78,87,23,18,43,39,76,75,44,0,116,118,120,119,84,86,88,87,43,44,75,93,71,0,119,120,33,31,87,88,24,23,43,45,49,50,46,0,121,122,123,124,89,90,91,92,43,46,50,62,61,0,125,126,78,75,92,91,58,55,43,49,82,81,50,0,122,127,128,123,90,30,29,91,43,50,81,94,62,0,126,46,45,78,91,29,33,58,43,45,46,51,47,0,121,124,129,130,89,92,93,94,43,47,51,57,58,0,130,129,131,132,94,93,7,6,43,46,61,60,51,0,125,75,74,133,92,55,54,93,43,51,60,90,57,0,133,74,11,10,93,54,8,7,43,45,47,52,48,0,121,130,134,135,89,94,95,96,43,48,52,75,76,0,136,137,120,118,96,95,88,86,43,47,58,59,52,0,130,132,138,134,94,6,22,95,43,52,59,93,75,0,137,34,33,120,95,22,24,88,43,45,48,53,49,0,121,135,139,122,89,96,97,90,43,49,53,83,82,0,122,139,140,127,90,97,38,30,43,48,76,77,53,0,136,118,117,141,96,86,85,97,43,53,77,97,83,0,141,117,55,54,97,85,39,38],